,Country,Year,gdp_per_capita,Electricity_consumption_per_capita,under5mortality,Poverty,BMI_male,BMI_female,population
0,Brazil,1800,1109,,417.44,,,,3639636
1,Brazil,1801,1109,,417.44,,,,
2,Brazil,1802,1109,,417.44,,,,
3,Brazil,1803,1109,,417.44,,,,
4,Brazil,1804,1109,,417.44,,,,
5,Brazil,1805,1110,,417.44,,,,
6,Brazil,1806,1110,,417.44,,,,
7,Brazil,1807,1110,,417.44,,,,
8,Brazil,1808,1110,,417.44,,,,
9,Brazil,1809,1110,,417.44,,,,
10,Brazil,1810,1110,,417.44,,,,4058652
11,Brazil,1811,1111,,417.44,,,,
12,Brazil,1812,1111,,417.44,,,,
13,Brazil,1813,1111,,417.44,,,,
14,Brazil,1814,1111,,417.44,,,,
15,Brazil,1815,1111,,417.44,,,,
16,Brazil,1816,1111,,417.44,,,,
17,Brazil,1817,1112,,417.44,,,,
18,Brazil,1818,1112,,417.44,,,,
19,Brazil,1819,1112,,417.44,,,,
20,Brazil,1820,1112,,417.44,,,,4582325
21,Brazil,1821,1114,,417.44,,,,
22,Brazil,1822,1117,,417.44,,,,
23,Brazil,1823,1119,,417.44,,,,
24,Brazil,1824,1122,,417.44,,,,
25,Brazil,1825,1124,,417.44,,,,
26,Brazil,1826,1126,,417.44,,,,
27,Brazil,1827,1129,,417.44,,,,
28,Brazil,1828,1131,,417.44,,,,
29,Brazil,1829,1134,,417.44,,,,
30,Brazil,1830,1136,,417.44,,,,5301068
31,Brazil,1831,1138,,417.44,,,,
32,Brazil,1832,1141,,417.44,,,,
33,Brazil,1833,1143,,417.44,,,,
34,Brazil,1834,1146,,417.44,,,,
35,Brazil,1835,1148,,417.44,,,,
36,Brazil,1836,1151,,417.44,,,,
37,Brazil,1837,1153,,417.44,,,,
38,Brazil,1838,1155,,417.44,,,,
39,Brazil,1839,1158,,417.44,,,,
40,Brazil,1840,1160,,417.44,,,,6206694
41,Brazil,1841,1163,,417.44,,,,
42,Brazil,1842,1165,,417.44,,,,
43,Brazil,1843,1168,,417.44,,,,
44,Brazil,1844,1170,,417.44,,,,
45,Brazil,1845,1173,,417.44,,,,
46,Brazil,1846,1175,,417.44,,,,
47,Brazil,1847,1178,,417.44,,,,
48,Brazil,1848,1180,,417.44,,,,
49,Brazil,1849,1183,,417.44,,,,
50,Brazil,1850,1185,,417.44,,,,7254194
51,Brazil,1851,1267,,417.44,,,,
52,Brazil,1852,1233,,417.44,,,,
53,Brazil,1853,1157,,417.44,,,,
54,Brazil,1854,1118,,417.44,,,,
55,Brazil,1855,1129,,417.44,,,,
56,Brazil,1856,1170,,417.44,,,,
57,Brazil,1857,1252,,417.44,,,,
58,Brazil,1858,1333,,417.44,,,,
59,Brazil,1859,1323,,417.44,,,,
60,Brazil,1860,1358,,417.44,,,,8466005
61,Brazil,1861,1346,,417.44,,,,
62,Brazil,1862,1282,,417.44,,,,
63,Brazil,1863,1311,,417.44,,,,
64,Brazil,1864,1330,,417.44,,,,
65,Brazil,1865,1429,,417.44,,,,
66,Brazil,1866,1481,,417.44,,,,
67,Brazil,1867,1604,,417.44,,,,
68,Brazil,1868,1604,,417.44,,,,
69,Brazil,1869,1605,,417.44,,,,
70,Brazil,1870,1488,,417.44,,,,9964419
71,Brazil,1871,1488,,417.44,,,,
72,Brazil,1872,1540,,417.44,,,,
73,Brazil,1873,1494,,417.44,,,,
74,Brazil,1874,1518,,417.44,,,,
75,Brazil,1875,1541,,417.44,,,,
76,Brazil,1876,1483,,417.44,,,,
77,Brazil,1877,1442,,417.44,,,,
78,Brazil,1878,1512,,417.44,,,,
79,Brazil,1879,1525,,417.44,,,,
80,Brazil,1880,1455,,417.44,,,,11893392
81,Brazil,1881,1467,,417.44,,,,
82,Brazil,1882,1503,,417.44,,,,
83,Brazil,1883,1462,,417.44,,,,
84,Brazil,1884,1561,,417.44,,,,
85,Brazil,1885,1450,,417.44,,,,
86,Brazil,1886,1497,,417.44,,,,
87,Brazil,1887,1398,,417.44,,,,
88,Brazil,1888,1345,,417.44,,,,
89,Brazil,1889,1364,,417.44,,,,
90,Brazil,1890,1492,,417.44,,,,14410738
91,Brazil,1891,1586,,417.44,,,,
92,Brazil,1892,1375,,417.44,,,,
93,Brazil,1893,1170,,417.44,,,,
94,Brazil,1894,1171,,417.42,,,,
95,Brazil,1895,1388,,417.39,,,,
96,Brazil,1896,1260,,417.33,,,,
97,Brazil,1897,1241,,417.22,,,,
98,Brazil,1898,1271,,417.05,,,,
99,Brazil,1899,1248,,416.83,,,,
100,Brazil,1900,1201,,416.53,,,,18103489
101,Brazil,1901,1354,,416.17,,,,
102,Brazil,1902,1315,,415.75,,,,
103,Brazil,1903,1318,,415.26,,,,
104,Brazil,1904,1301,,414.7,,,,
105,Brazil,1905,1322,,414.08,,,,
106,Brazil,1906,1456,,413.4,,,,
107,Brazil,1907,1445,,412.65,,,,
108,Brazil,1908,1369,,411.83,,,,
109,Brazil,1909,1475,,410.96,,,,
110,Brazil,1910,1487,,410.05,,,,22414074
111,Brazil,1911,1533,,409.1,,,,
112,Brazil,1912,1592,,408.13,,,,
113,Brazil,1913,1598,,407.15,,,,
114,Brazil,1914,1531,,406.17,,,,
115,Brazil,1915,1498,,405.19,,,,
116,Brazil,1916,1471,,403.99,,,,
117,Brazil,1917,1571,,402.79,,,,
118,Brazil,1918,1492,,401.59,,,,
119,Brazil,1919,1569,,400.4,,,,
120,Brazil,1920,1722,,399.2,,,,27660862
121,Brazil,1921,1702,,398.01,,,,
122,Brazil,1922,1785,,396.82,,,,
123,Brazil,1923,1879,,395.62,,,,
124,Brazil,1924,1853,,394.44,,,,
125,Brazil,1925,1797,,393.25,,,,
126,Brazil,1926,1834,,392.06,,,,
127,Brazil,1927,1977,,390.88,,,,
128,Brazil,1928,2143,,389.69,,,,
129,Brazil,1929,2099,,388.5,,,,
130,Brazil,1930,1998,,387.32,,,,33888997
131,Brazil,1931,1870,,380.24,,,,
132,Brazil,1932,1896,,374.37,,,,
133,Brazil,1933,2012,,367.46,,,,
134,Brazil,1934,2133,,360.61,,,,
135,Brazil,1935,2137,,355.01,,,,
136,Brazil,1936,2330,,348.35,,,,
137,Brazil,1937,2370,,342.88,,,,
138,Brazil,1938,2407,,336.39,,,,
139,Brazil,1939,2397,,329.99,,,,
140,Brazil,1940,2308,,324.74,,,,41545129
141,Brazil,1941,2351,,311.25,,,,
142,Brazil,1942,2214,,299.14,,,,
143,Brazil,1943,2337,,287.32,,,,
144,Brazil,1944,2451,,274.85,,,,
145,Brazil,1945,2457,,263.64,,,,
146,Brazil,1946,2662,,256.21,,,,
147,Brazil,1947,2643,,248.99,,,,
148,Brazil,1948,2811,,241.98,,,,
149,Brazil,1949,2932,,235.16,,,,
150,Brazil,1950,3030,,228.53,,,,53974726
151,Brazil,1951,3074,,222.09,,,,55605541
152,Brazil,1952,3191,,215.84,,,,57304772
153,Brazil,1953,3228,,209.75,,,,59053267
154,Brazil,1954,3366,,203.84,,,,60838782
155,Brazil,1955,3543,,198.1,,,,62655984
156,Brazil,1956,3521,,192.5,,,,64506874
157,Brazil,1957,3668,,187,,,,66400362
158,Brazil,1958,3935,,181.7,,,,68351012
159,Brazil,1959,4184,,176.7,,,,70376952
160,Brazil,1960,4433,,171.8,,,,72493585
161,Brazil,1961,4663,,167.1,,,,74706888
162,Brazil,1962,4823,,162.5,,,,77007549
163,Brazil,1963,4697,,158.2,,,,79368453
164,Brazil,1964,4707,,154.2,,,,81751802
165,Brazil,1965,4671,,150.6,,,,84130061
166,Brazil,1966,4836,,147.2,,,,86494987
167,Brazil,1967,4888,,143.9,,,,88853679
168,Brazil,1968,5215,,140.7,,,,91213009
169,Brazil,1969,5550,,137.3,,,,93585746
170,Brazil,1970,5930,,133.7,,,,95982453
171,Brazil,1971,6463,455.480731,130.1,,,,98402200
172,Brazil,1972,7082,494.3227772,126.4,,,,100844391
173,Brazil,1973,7904,549.4308503,122.7,,,,103320787
174,Brazil,1974,8362,599.3182131,119.1,,,,105846274
175,Brazil,1975,8595,645.4649916,115.6,,,,108431284
176,Brazil,1976,9274,715.4518079,111.9,,,,111076063
177,Brazil,1977,9512,783.0307948,108.2,,,,113776467
178,Brazil,1978,9759,852.6012927,104.2,,,,116532153
179,Brazil,1979,10187,933.4270121,100,,,,119341444
180,Brazil,1980,10922,1007.923103,95.6,,22.63867,24.05006,122199721
181,Brazil,1981,10224,1013.01019,91.1,13.64,22.72772,24.11916,125107382
182,Brazil,1982,10094,1047.438228,86.8,13.66,22.81802,24.17848,128054757
183,Brazil,1983,9590,1103.156437,82.6,16.65,22.89804,24.21987,131014337
184,Brazil,1984,9913,1199.721572,78.8,15.5,22.9789,24.26384,133950551
185,Brazil,1985,10495,1274.116304,75.3,13.52,23.07389,24.31669,136836428
186,Brazil,1986,11079,1345.593678,72.1,9.7,23.17442,24.38141,139664639
187,Brazil,1987,11267,1359.654566,69.1,13.64,23.27956,24.44963,142437479
188,Brazil,1988,11062,1411.521627,66.3,14.68,23.38452,24.51057,145150468
189,Brazil,1989,11226,1442.534229,63.7,13.71,23.49948,24.57384,147801816
190,Brazil,1990,10331,1454.463167,61.1,16.23,23.60242,24.62666,150393143
191,Brazil,1991,10315,1481.293182,58.5,,23.71304,24.67793,152916852
192,Brazil,1992,10104,1490.789159,55.7,16.7,23.82606,24.73137,155379009
193,Brazil,1993,10413,1536.00575,52.8,15.87,23.92823,24.77471,157812220
194,Brazil,1994,10802,1566.759345,49.8,,24.03524,24.82409,160260508
195,Brazil,1995,11108,1635.701188,46.7,9.93,24.14789,24.88216,162755054
196,Brazil,1996,11178,1689.366182,43.6,11.21,24.25992,24.92815,165303155
197,Brazil,1997,11382,1765.404782,40.6,10.9,24.37651,24.99343,167893835
198,Brazil,1998,11250,1811.681997,37.7,9.58,24.4885,25.05794,170516482
199,Brazil,1999,11139,1835.705356,35,9.87,24.60608,25.12756,173153066
200,Brazil,2000,11461,1900.456685,32.4,,24.73196,25.20224,175786441
201,Brazil,2001,11446,1750.190098,30.1,10.2,24.84949,25.27984,178419396
202,Brazil,2002,11638,1808.117437,27.9,8.87,24.97064,25.36366,181045592
203,Brazil,2003,11627,1882.847008,25.9,9.62,25.09147,25.45842,183627339
204,Brazil,2004,12135,1956.118941,24.1,8.14,25.2199,25.56211,186116363
205,Brazil,2005,12373,2015.634235,22.5,7.18,25.34959,25.66827,188479240
206,Brazil,2006,12732,2072.726605,21,5.93,25.48902,25.77333,190698241
207,Brazil,2007,13364,2169.12926,19.7,5.84,25.63555,25.8801,192784521
208,Brazil,2008,13906,2233.200708,18.6,4.87,25.78623,25.99113,194769696
209,Brazil,2009,13749,2201.808724,17.6,4.72,,,196701298
210,Brazil,2010,14660,2380.511415,16.7,,,,198614208
211,Brazil,2011,15101,2437.960105,15.9,4.53,,,200517584
212,Brazil,2012,15234,,15.1,3.75,,,202401584
213,Brazil,2013,15518,,14.4,,,,204259377
214,Brazil,2014,15412,,13.8,,,,206077898
215,Brazil,2015,15441,,13.3,,,,207847528
216,China,1800,985,,417.44,,,,321675013
217,China,1801,985,,417.44,,,,
218,China,1802,985,,417.44,,,,
219,China,1803,985,,417.44,,,,
220,China,1804,985,,417.44,,,,
221,China,1805,985,,417.44,,,,
222,China,1806,985,,417.44,,,,
223,China,1807,985,,417.44,,,,
224,China,1808,985,,417.44,,,,
225,China,1809,985,,417.44,,,,
226,China,1810,985,,417.44,,,,350542958
227,China,1811,985,,417.44,,,,
228,China,1812,985,,417.44,,,,
229,China,1813,985,,417.44,,,,
230,China,1814,985,,417.44,,,,
231,China,1815,985,,417.44,,,,
232,China,1816,985,,417.44,,,,
233,China,1817,985,,417.44,,,,
234,China,1818,985,,417.44,,,,
235,China,1819,985,,417.44,,,,
236,China,1820,985,,417.44,,,,380055273
237,China,1821,985,,417.44,,,,
238,China,1822,985,,417.44,,,,
239,China,1823,985,,417.44,,,,
240,China,1824,985,,417.44,,,,
241,China,1825,985,,417.44,,,,
242,China,1826,985,,417.44,,,,
243,China,1827,985,,417.44,,,,
244,China,1828,985,,417.44,,,,
245,China,1829,986,,417.44,,,,
246,China,1830,986,,417.44,,,,402373519
247,China,1831,986,,417.44,,,,
248,China,1832,986,,417.44,,,,
249,China,1833,986,,417.44,,,,
250,China,1834,986,,417.44,,,,
251,China,1835,986,,417.44,,,,
252,China,1836,986,,417.44,,,,
253,China,1837,986,,417.44,,,,
254,China,1838,986,,417.44,,,,
255,China,1839,986,,417.44,,,,
256,China,1840,986,,417.44,,,,411213424
257,China,1841,1031,,417.44,,,,
258,China,1842,1033,,417.44,,,,
259,China,1843,999,,417.44,,,,
260,China,1844,973,,417.44,,,,
261,China,1845,980,,417.44,,,,
262,China,1846,980,,417.44,,,,
263,China,1847,986,,417.44,,,,
264,China,1848,995,,417.44,,,,
265,China,1849,992,,417.44,,,,
266,China,1850,985,,417.44,,,,402711280
267,China,1851,975,,430.46,,,,
268,China,1852,1017,,443.79,,,,
269,China,1853,1011,,457.41,,,,
270,China,1854,991,,471.38,,,,
271,China,1855,984,,485.68,,,,
272,China,1856,1013,,500.35,,,,
273,China,1857,999,,491.55,,,,
274,China,1858,1029,,481.39,,,,
275,China,1859,1007,,472.81,,,,
276,China,1860,1023,,464.39,,,,380047548
277,China,1861,1044,,456.05,,,,
278,China,1862,1074,,446.51,,,,
279,China,1863,1095,,438.46,,,,
280,China,1864,1098,,430.46,,,,
281,China,1865,1066,,429.16,,,,
282,China,1866,1087,,426.55,,,,
283,China,1867,1087,,425.25,,,,
284,China,1868,1113,,422.65,,,,
285,China,1869,1101,,421.34,,,,
286,China,1870,1099,,418.74,,,,363661158
287,China,1871,1084,,417.44,,,,
288,China,1872,1090,,417.44,,,,
289,China,1873,1057,,417.44,,,,
290,China,1874,1000,,417.44,,,,
291,China,1875,1026,,417.44,,,,
292,China,1876,1061,,417.44,,,,
293,China,1877,1001,,417.44,,,,
294,China,1878,1014,,417.44,,,,
295,China,1879,1031,,417.44,,,,
296,China,1880,1015,,417.44,,,,365544192
297,China,1881,1011,,417.44,,,,
298,China,1882,1003,,417.44,,,,
299,China,1883,1005,,417.44,,,,
300,China,1884,977,,417.44,,,,
301,China,1885,974,,417.44,,,,
302,China,1886,959,,417.44,,,,
303,China,1887,940,,417.44,,,,
304,China,1888,945,,417.44,,,,
305,China,1889,955,,417.44,,,,
306,China,1890,918,,417.44,,,,377135349
307,China,1891,933,,417.44,,,,
308,China,1892,916,,417.44,,,,
309,China,1893,921,,417.44,,,,
310,China,1894,911,,417.42,,,,
311,China,1895,940,,417.39,,,,
312,China,1896,895,,417.33,,,,
313,China,1897,904,,417.22,,,,
314,China,1898,876,,417.05,,,,
315,China,1899,882,,416.83,,,,
316,China,1900,894,,416.53,,,,395184556
317,China,1901,893,,416.17,,,,
318,China,1902,922,,415.75,,,,
319,China,1903,916,,415.26,,,,
320,China,1904,936,,414.7,,,,
321,China,1905,856,,414.08,,,,
322,China,1906,898,,413.4,,,,
323,China,1907,917,,412.65,,,,
324,China,1908,945,,411.83,,,,
325,China,1909,956,,410.96,,,,
326,China,1910,991,,410.05,,,,417830774
327,China,1911,983,,409.1,,,,
328,China,1912,938,,408.13,,,,
329,China,1913,936,,407.15,,,,
330,China,1914,946,,406.17,,,,
331,China,1915,957,,405.19,,,,
332,China,1916,968,,404.21,,,,
333,China,1917,979,,403.23,,,,
334,China,1918,990,,402.25,,,,
335,China,1919,1001,,401.27,,,,
336,China,1920,1012,,400.29,,,,462750597
337,China,1921,1017,,399.31,,,,
338,China,1922,1021,,398.33,,,,
339,China,1923,1026,,397.35,,,,
340,China,1924,1031,,396.38,,,,
341,China,1925,1035,,395.4,,,,
342,China,1926,1040,,394.42,,,,
343,China,1927,1045,,393.44,,,,
344,China,1928,1050,,392.46,,,,
345,China,1929,1054,,391.48,,,,
346,China,1930,1055,,390.5,,,,481222579
347,China,1931,1048,,383.57,,,,
348,China,1932,1064,,376.67,,,,
349,China,1933,1047,,369.93,,,,
350,China,1934,942,,363.22,,,,
351,China,1935,1004,,356.66,,,,
352,China,1936,1052,,350.12,,,,
353,China,1937,1012,,345.93,,,,
354,China,1938,973,,340.65,,,,
355,China,1939,905,,336.49,,,,
356,China,1940,841,,332.42,,,,509858820
357,China,1941,782,,330.86,,,,
358,China,1942,727,,329.3,,,,
359,China,1943,676,,327.76,,,,
360,China,1944,629,,326.22,,,,
361,China,1945,585,,324.69,,,,
362,China,1946,570,,323.16,,,,
363,China,1947,556,,321.64,,,,
364,China,1948,542,,320.13,,,,
365,China,1949,529,,318.63,,,,
366,China,1950,535,,317.13,,,,544112923
367,China,1951,582,,311.71,,,,558820362
368,China,1952,631,,306.39,,,,570764965
369,China,1953,692,,301.16,,,,580886559
370,China,1954,694,,296.02,,,,589955812
371,China,1955,706,,290.96,,,,598574241
372,China,1956,736,,270.32,,,,607167524
373,China,1957,780,,251.14,,,,615992182
374,China,1958,889,,233.32,,,,625155626
375,China,1959,958,,268.45,,,,634649557
376,China,1960,889,,308.99,,,,644450173
377,China,1961,558,,261.86,,,,654625069
378,China,1962,567,,167.82,,,,665426760
379,China,1963,635,,148.14,,,,677332765
380,China,1964,713,,130.77,,,,690932043
381,China,1965,772,,115.43,,,,706590947
382,China,1966,826,,120.8,,,,724490033
383,China,1967,719,,126.42,,,,744365635
384,China,1968,669,,132.3,,,,765570668
385,China,1969,732,,119.1,,,,787191243
386,China,1970,848,,113.3,,,,808510713
387,China,1971,876,151.2022875,107.7,,,,829367784
388,China,1972,843,162.456063,102.1,,,,849787991
389,China,1973,894,173.7918679,96.5,,,,869474823
390,China,1974,888,172.279669,90.9,,,,888132761
391,China,1975,920,196.3771081,85.2,,,,905580445
392,China,1976,891,200.5598027,79.8,,,,921688199
393,China,1977,904,217.591724,74.6,,,,936554514
394,China,1978,1016,246.5557723,70,,,,950537317
395,China,1979,1059,267.3742654,65.9,,,,964155176
396,China,1980,1073,281.6246873,62.4,,21.5784,21.91721,977837433
397,China,1981,1099,285.8177757,59.6,84.27,21.58356,21.90834,991553829
398,China,1982,1175,299.1979219,57.4,,21.5955,21.91792,1005328574
399,China,1983,1229,317.0202578,55.7,,21.61408,21.93416,1019698475
400,China,1984,1456,336.4116413,54.6,69.43,21.64363,21.96185,1035328572
401,China,1985,1557,362.8120719,54,,21.67833,21.99321,1052622410
402,China,1986,1604,391.351625,53.7,,21.71745,22.02733,1071834975
403,China,1987,1652,426.5544932,53.7,53.95,21.7639,22.05982,1092646739
404,China,1988,1597,461.7975182,53.9,,21.81317,22.08346,1114162025
405,China,1989,1474,487.373173,54,,21.85731,22.09101,1135128009
406,China,1990,1516,510.5634764,53.8,60.73,21.90382,22.10147,1154605773
407,China,1991,1634,548.8981387,53.3,,21.95193,22.11669,1172327831
408,China,1992,1845,604.5966849,52.4,,22.00604,22.15367,1188450231
409,China,1993,2078,662.5377618,51,54.85,22.0732,22.19982,1202982955
410,China,1994,2323,727.0091917,49.3,,22.1511,22.25368,1216067023
411,China,1995,2551,770.1831341,47.5,,22.23897,22.31248,1227841281
412,China,1996,2775,820.9855858,45.6,37.39,22.31367,22.37993,1238234851
413,China,1997,3000,852.6463834,43.6,,22.387,22.43812,1247259143
414,China,1998,3205,870.5238197,41.5,,22.44676,22.49949,1255262566
415,China,1999,3419,913.8708506,39.3,36,22.49909,22.54523,1262713651
416,China,2000,3678,993.3385869,36.9,,22.54068,22.60003,1269974572
417,China,2001,3955,1077.046822,34.3,,22.57822,22.64198,1277188787
418,China,2002,4285,1195.447516,31.6,28.06,22.61654,22.67688,1284349938
419,China,2003,4685,1380.201025,28.9,,22.65637,22.72156,1291485488
420,China,2004,5127,1586.777,26.3,,22.69719,22.77469,1298573031
421,China,2005,5675,1783.87077,24,15.77,22.74628,22.82195,1305600630
422,China,2006,6360,2041.967323,21.9,,22.80042,22.85678,1312600877
423,China,2007,7225,2330.262504,20.1,,22.86161,22.88607,1319625197
424,China,2008,7880,2457.547814,18.5,12.34,22.92176,22.91041,1326690636
425,China,2009,8565,2632.724637,17,,,,1333807063
426,China,2010,9430,2943.690874,15.7,9.19,,,1340968737
427,China,2011,10274,3297.970434,14.5,6.26,,,1348174478
428,China,2012,11017,,13.4,,,,1355386952
429,China,2013,11805,,12.3,,,,1362514260
430,China,2014,12609,,11.4,,,,1369435670
431,China,2015,13334,,10.7,,,,1376048943
432,Germany,1800,1639,,340.25,,,,22886919
433,Germany,1801,1651,,340.25,,,,
434,Germany,1802,1663,,340.25,,,,
435,Germany,1803,1674,,340.25,,,,
436,Germany,1804,1686,,340.25,,,,
437,Germany,1805,1698,,340.25,,,,
438,Germany,1806,1710,,340.25,,,,
439,Germany,1807,1722,,340.25,,,,
440,Germany,1808,1734,,340.25,,,,
441,Germany,1809,1746,,340.25,,,,
442,Germany,1810,1759,,340.25,,,,23882461
443,Germany,1811,1771,,340.25,,,,
444,Germany,1812,1784,,340.25,,,,
445,Germany,1813,1796,,340.25,,,,
446,Germany,1814,1809,,340.25,,,,
447,Germany,1815,1822,,340.25,,,,
448,Germany,1816,1834,,340.25,,,,
449,Germany,1817,1847,,340.25,,,,
450,Germany,1818,1860,,340.25,,,,
451,Germany,1819,1874,,340.25,,,,
452,Germany,1820,1887,,340.25,,,,25507768
453,Germany,1821,1900,,340.25,,,,
454,Germany,1822,1913,,340.25,,,,
455,Germany,1823,1927,,340.25,,,,
456,Germany,1824,1941,,340.25,,,,
457,Germany,1825,1954,,340.25,,,,
458,Germany,1826,1968,,340.25,,,,
459,Germany,1827,1982,,351.73,,,,
460,Germany,1828,1996,,363.61,,,,
461,Germany,1829,2010,,375.88,,,,
462,Germany,1830,2024,,388.56,,,,28016571
463,Germany,1831,2032,,401.68,,,,
464,Germany,1832,2039,,415.24,,,,
465,Germany,1833,2047,,429.25,,,,
466,Germany,1834,2055,,443.74,,,,
467,Germany,1835,2063,,458.72,,,,
468,Germany,1836,2070,,474.2,,,,
469,Germany,1837,2078,,490.44,,,,
470,Germany,1838,2086,,482.32,,,,
471,Germany,1839,2094,,462.84,,,,
472,Germany,1840,2102,,485.57,,,,31016143
473,Germany,1841,2110,,487.2,,,,
474,Germany,1842,2118,,516.43,,,,
475,Germany,1843,2126,,466.08,,,,
476,Germany,1844,2134,,466.08,,,,
477,Germany,1845,2142,,469.33,,,,
478,Germany,1846,2150,,516.43,,,,
479,Germany,1847,2158,,464.46,,,,
480,Germany,1848,2166,,506.68,,,,
481,Germany,1849,2174,,462.84,,,,
482,Germany,1850,2182,,482.32,,,,33663143
483,Germany,1851,2152,,466.08,,,,
484,Germany,1852,2180,,483.95,,,,
485,Germany,1853,2161,,462.84,,,,
486,Germany,1854,2207,,472.58,,,,
487,Germany,1855,2173,,462.84,,,,
488,Germany,1856,2343,,410.94,,,,
489,Germany,1857,2440,,498.56,,,,
490,Germany,1858,2409,,469.33,,,,
491,Germany,1859,2396,,526.17,,,,
492,Germany,1860,2509,,422.24,,,,36383150
493,Germany,1861,2423,,441.88,,,,
494,Germany,1862,2519,,462.44,,,,
495,Germany,1863,2678,,483.95,,,,
496,Germany,1864,2726,,482.32,,,,
497,Germany,1865,2711,,539.16,,,,
498,Germany,1866,2713,,488.82,,,,
499,Germany,1867,2706,,506.68,,,,
500,Germany,1868,2852,,498.56,,,,
501,Germany,1869,2851,,475.83,,,,
502,Germany,1870,2819,,483.95,,,,39702235
503,Germany,1871,2785,,535.92,,,,
504,Germany,1872,2962,,488.82,,,,
505,Germany,1873,3065,,498.56,,,,
506,Germany,1874,3258,,482.32,,,,
507,Germany,1875,3241,,393.18,,,,
508,Germany,1876,3177,,370.54,,,,
509,Germany,1877,3119,,365.73,,,,
510,Germany,1878,3228,,367.32,,,,
511,Germany,1879,3114,,354.43,,,,
512,Germany,1880,3057,,389.96,,,,43577358
513,Germany,1881,3110,,364.1,,,,
514,Germany,1882,3140,,370.54,,,,
515,Germany,1883,3292,,377.02,,,,
516,Germany,1884,3347,,381.88,,,,
517,Germany,1885,3405,,367.32,,,,
518,Germany,1886,3398,,381.88,,,,
519,Germany,1887,3497,,352.81,,,,
520,Germany,1888,3598,,354.43,,,,
521,Germany,1889,3658,,367.32,,,,
522,Germany,1890,3733,,367.32,,,,48211294
523,Germany,1891,3685,,356.05,,,,
524,Germany,1892,3798,,373.78,,,,
525,Germany,1893,3946,,364.1,,,,
526,Germany,1894,3996,,356.05,,,,
527,Germany,1895,4133,,373.78,,,,
528,Germany,1896,4216,,338.26,,,,
529,Germany,1897,4271,,360.86,,,,
530,Germany,1898,4384,,341.52,,,,
531,Germany,1899,4473,,351.19,,,,
532,Germany,1900,4596,,372.17,,,,55293434
533,Germany,1901,4422,,336.63,,,,
534,Germany,1902,4457,,297.52,,,,
535,Germany,1903,4634,,331.76,,,,
536,Germany,1904,4751,,318.75,,,,
537,Germany,1905,4783,,333.4,,,,
538,Germany,1906,4858,,300.8,,,,
539,Germany,1907,5002,,286.02,,,,
540,Germany,1908,5017,,289.32,,,,
541,Germany,1909,5049,,276.23,,,,
542,Germany,1910,5162,,263.54,,,,64064129
543,Germany,1911,5277,,312.26,,,,
544,Germany,1912,5477,,236.99,,,,
545,Germany,1913,5692,,244.31,,,,
546,Germany,1914,4793,,266.83,,,,
547,Germany,1915,4559,,238.82,,,,
548,Germany,1916,4633,,224.05,,,,
549,Germany,1917,4679,,240.65,,,,
550,Germany,1918,4746,,256.73,,,,
551,Germany,1919,4131,,233.32,,,,
552,Germany,1920,4482,,207.23,,,,62277173
553,Germany,1921,4969,,212.85,,,,
554,Germany,1922,5415,,205.35,,,,
555,Germany,1923,4500,,207.23,,,,
556,Germany,1924,5270,,164.08,,,,
557,Germany,1925,5857,,158.51,,,,
558,Germany,1926,6015,,152.95,,,,
559,Germany,1927,6618,,143.79,,,,
560,Germany,1928,6909,,129.42,,,,
561,Germany,1929,6884,,143.8,,,,
562,Germany,1930,6791,,122.39,,,,66439556
563,Germany,1931,6276,,118.93,,,,
564,Germany,1932,5809,,112.04,,,,
565,Germany,1933,6178,,108.64,,,,
566,Germany,1934,6738,,90.45,,,,
567,Germany,1935,7232,,147.53,,,,
568,Germany,1936,7852,,90.47,,,,
569,Germany,1937,8305,,87.26,,,,
570,Germany,1938,8894,,81.29,,,,
571,Germany,1939,9674,,100.28,,,,
572,Germany,1940,9711,,87.29,,,,71244059
573,Germany,1941,10310,,84.24,,,,
574,Germany,1942,10407,,81.3,,,,
575,Germany,1943,10722,,78.46,,,,
576,Germany,1944,11120,,75.71,,,,
577,Germany,1945,8284,,73.07,,,,
578,Germany,1946,4084,,70.52,,,,
579,Germany,1947,4504,,68.05,,,,
580,Germany,1948,5258,,65.68,,,,
581,Germany,1949,6112,,63.38,,,,
582,Germany,1950,7251,,61.17,,,,69786246
583,Germany,1951,7884,,59.03,,,,70111671
584,Germany,1952,8561,,56.97,,,,70421462
585,Germany,1953,9252,,54.98,,,,70720721
586,Germany,1954,9926,,53.06,,,,71015688
587,Germany,1955,10998,,51.21,,,,71313740
588,Germany,1956,11751,,49.42,,,,71623569
589,Germany,1957,12385,,47.69,,,,71955005
590,Germany,1958,12884,,46.03,,,,72318498
591,Germany,1959,13759,,44.42,,,,72724260
592,Germany,1960,14808,1586.749415,42.87,,,,73179665
593,Germany,1961,15317,1683.414913,40.6,,,,73686490
594,Germany,1962,15872,1790.686877,38.45,,,,74238494
595,Germany,1963,16221,1916.927528,36.42,,,,74820389
596,Germany,1964,17100,2060.547354,34.49,,,,75410766
597,Germany,1965,17838,2194.206061,32.67,,,,75990737
598,Germany,1966,18262,2300.499798,30.94,,,,76558016
599,Germany,1967,18311,2362.908943,29.31,,,,77106876
600,Germany,1968,19254,2579.749915,27.2,,,,77611000
601,Germany,1969,20409,2815.221348,26.4,,,,78038271
602,Germany,1970,21218,3834.178407,25.7,,,,78366605
603,Germany,1971,21695,4064.454716,24.9,,,,78584779
604,Germany,1972,22497,4335.769625,24,,,,78700104
605,Germany,1973,23461,4654.985048,23.1,,,,78732884
606,Germany,1974,23662,4803.423204,22,,,,78713928
607,Germany,1975,23630,4743.944833,20.8,,,,78667327
608,Germany,1976,24904,5146.932578,19.5,,,,78604473
609,Germany,1977,25678,5285.260786,18.3,,,,78524727
610,Germany,1978,26444,5574.745217,17.1,,,,78426715
611,Germany,1979,27515,5786.127216,16,,,,78305017
612,Germany,1980,27765,5797.499753,15,,25.46227,24.72684,78159527
613,Germany,1981,27846,5832.064871,14.1,0,25.50636,24.77291,77990369
614,Germany,1982,27645,5822.027359,13.2,,25.55565,24.81385,77812348
615,Germany,1983,28227,5965.458193,12.5,0,25.59814,24.85018,77657451
616,Germany,1984,29135,6239.971816,11.8,0.34,25.64293,24.88941,77566776
617,Germany,1985,29851,6448.539859,11.1,,25.69249,24.9334,77570009
618,Germany,1986,30514,6530.238714,10.6,,25.74425,24.97543,77671877
619,Germany,1987,30986,6666.219595,10.1,,25.79212,25.012,77864381
620,Germany,1988,31906,6776.307912,9.5,,25.85154,25.0546,78146938
621,Germany,1989,32706,6835.329908,9,0,25.91132,25.10253,78514790
622,Germany,1990,31476,6639.731691,8.5,,25.97675,25.14284,78958237
623,Germany,1991,32844,6564.797195,8,,26.05322,25.1968,79483739
624,Germany,1992,33221,6445.874,7.6,,26.14012,25.25234,80075940
625,Germany,1993,32689,6288.41635,7.2,,26.20839,25.28572,80675999
626,Germany,1994,33375,6244.957228,6.8,0.34,26.27577,25.31828,81206786
627,Germany,1995,33843,6327.709754,6.5,,26.34132,25.35103,81612900
628,Germany,1996,34008,6403.333726,6.2,,26.4141,25.39147,81870772
629,Germany,1997,34578,6427.798768,5.9,,26.48539,25.42401,81993831
630,Germany,1998,35254,6479.490249,5.7,,26.55047,25.4601,82010184
631,Germany,1999,35931,6505.132999,5.5,,26.61048,25.48559,81965830
632,Germany,2000,36953,6635.421406,5.4,0,26.67425,25.51645,81895925
633,Germany,2001,37517,6762.653396,5.2,,26.72962,25.54752,81809438
634,Germany,2002,37458,6900.780527,5.1,,26.78618,25.57631,81699829
635,Germany,2003,37167,6983.337424,5,,26.84581,25.60041,81569481
636,Germany,2004,37614,7082.53137,4.9,0,26.90287,25.62407,81417791
637,Germany,2005,37901,7113.41229,4.7,,26.96115,25.64736,81246801
638,Germany,2006,39352,7174.137667,4.6,,27.02184,25.67338,81055904
639,Germany,2007,40693,7184.308553,4.5,0,27.0905,25.70588,80854515
640,Germany,2008,41199,7149.108593,4.4,,27.16509,25.73903,80665906
641,Germany,2009,38975,6753.05764,4.3,,,,80519685
642,Germany,2010,40632,7162.203326,4.2,0.34,,,80435307
643,Germany,2011,42080,7080.959381,4.1,,,,80424665
644,Germany,2012,42959,,4,,,,80477952
645,Germany,2013,42887,,3.9,,,,80565861
646,Germany,2014,43444,,3.8,,,,80646262
647,Germany,2015,44053,,3.7,,,,80688545
648,India,1800,1052,,509.39,,,,168574895
649,India,1801,1052,,509.39,,,,
650,India,1802,1052,,509.39,,,,
651,India,1803,1052,,509.39,,,,
652,India,1804,1052,,509.39,,,,
653,India,1805,1052,,509.39,,,,
654,India,1806,1052,,509.39,,,,
655,India,1807,1052,,509.39,,,,
656,India,1808,1051,,509.39,,,,
657,India,1809,1051,,509.39,,,,
658,India,1810,1051,,509.39,,,,171940819
659,India,1811,1051,,509.39,,,,
660,India,1812,1051,,509.39,,,,
661,India,1813,1051,,509.39,,,,
662,India,1814,1051,,509.39,,,,
663,India,1815,1051,,509.39,,,,
664,India,1816,1051,,509.39,,,,
665,India,1817,1050,,509.39,,,,
666,India,1818,1050,,509.39,,,,
667,India,1819,1050,,509.39,,,,
668,India,1820,1050,,509.39,,,,176225709
669,India,1821,1050,,509.39,,,,
670,India,1822,1050,,509.39,,,,
671,India,1823,1051,,509.39,,,,
672,India,1824,1051,,509.39,,,,
673,India,1825,1051,,509.39,,,,
674,India,1826,1051,,509.39,,,,
675,India,1827,1051,,509.39,,,,
676,India,1828,1051,,509.39,,,,
677,India,1829,1051,,509.39,,,,
678,India,1830,1052,,509.39,,,,182214537
679,India,1831,1052,,509.39,,,,
680,India,1832,1052,,509.39,,,,
681,India,1833,1052,,509.39,,,,
682,India,1834,1052,,509.39,,,,
683,India,1835,1052,,509.39,,,,
684,India,1836,1052,,509.39,,,,
685,India,1837,1053,,509.39,,,,
686,India,1838,1053,,509.39,,,,
687,India,1839,1053,,509.39,,,,
688,India,1840,1053,,509.39,,,,189298397
689,India,1841,1053,,509.39,,,,
690,India,1842,1053,,509.39,,,,
691,India,1843,1054,,509.39,,,,
692,India,1844,1054,,509.39,,,,
693,India,1845,1054,,509.39,,,,
694,India,1846,1054,,509.39,,,,
695,India,1847,1054,,509.39,,,,
696,India,1848,1054,,509.39,,,,
697,India,1849,1054,,509.39,,,,
698,India,1850,1055,,509.39,,,,196657653
699,India,1851,1055,,509.39,,,,
700,India,1852,1055,,509.39,,,,
701,India,1853,1055,,509.39,,,,
702,India,1854,1055,,509.39,,,,
703,India,1855,1055,,509.39,,,,
704,India,1856,1056,,509.39,,,,
705,India,1857,1056,,509.39,,,,
706,India,1858,1056,,509.39,,,,
707,India,1859,1056,,509.39,,,,
708,India,1860,1056,,509.39,,,,204966302
709,India,1861,1056,,509.39,,,,
710,India,1862,1057,,509.39,,,,
711,India,1863,1057,,509.39,,,,
712,India,1864,1057,,509.39,,,,
713,India,1865,1057,,509.39,,,,
714,India,1866,1057,,509.39,,,,
715,India,1867,1057,,509.39,,,,
716,India,1868,1058,,509.39,,,,
717,India,1869,1058,,509.39,,,,
718,India,1870,1058,,509.39,,,,213725049
719,India,1871,1061,,509.39,,,,
720,India,1872,1063,,509.39,,,,
721,India,1873,1066,,509.39,,,,
722,India,1874,1068,,509.39,,,,
723,India,1875,1071,,509.39,,,,
724,India,1876,1074,,509.39,,,,
725,India,1877,1076,,509.39,,,,
726,India,1878,1079,,509.39,,,,
727,India,1879,1081,,509.39,,,,
728,India,1880,1084,,509.39,,,,223020377
729,India,1881,1087,,509.39,,,,
730,India,1882,1089,,510.9,,,,
731,India,1883,1092,,512.4,,,,
732,India,1884,1095,,513.91,,,,
733,India,1885,1127,,515.42,,,,
734,India,1886,1090,,516.96,,,,
735,India,1887,1137,,520.06,,,,
736,India,1888,1146,,521.6,,,,
737,India,1889,1113,,523.15,,,,
738,India,1890,1163,,524.7,,,,232819584
739,India,1891,1054,,526.24,,,,
740,India,1892,1137,,527.79,,,,
741,India,1893,1164,,529.34,,,,
742,India,1894,1180,,530.87,,,,
743,India,1895,1149,,530.83,,,,
744,India,1896,1063,,532.34,,,,
745,India,1897,1255,,533.79,,,,
746,India,1898,1255,,535.17,,,,
747,India,1899,1156,,536.47,,,,
748,India,1900,1194,,536.09,,,,243073946
749,India,1901,1212,,537.22,,,,
750,India,1902,1305,,512.19,,,,
751,India,1903,1316,,488.33,,,,
752,India,1904,1314,,465.58,,,,
753,India,1905,1283,,443.89,,,,
754,India,1906,1311,,423.21,,,,
755,India,1907,1225,,403.5,,,,
756,India,1908,1235,,384.7,,,,
757,India,1909,1396,,366.78,,,,
758,India,1910,1391,,349.69,,,,253761202
759,India,1911,1371,,333.4,,,,
760,India,1912,1359,,338.26,,,,
761,India,1913,1320,,317.13,,,,
762,India,1914,1383,,344.76,,,,
763,India,1915,1340,,328.57,,,,
764,India,1916,1370,,328.6,,,,
765,India,1917,1336,,333.52,,,,
766,India,1918,1158,,433.79,,,,
767,India,1919,1309,,364.3,,,,
768,India,1920,1197,,317.33,,,,267795301
769,India,1921,1268,,322.22,,,,
770,India,1922,1296,,284.6,,,,
771,India,1923,1229,,286.28,,,,
772,India,1924,1264,,307.64,,,,
773,India,1925,1254,,283.01,,,,
774,India,1926,1268,,307.7,,,,
775,India,1927,1244,,271.96,,,,
776,India,1928,1232,,281.45,,,,
777,India,1929,1259,,289.74,,,,
778,India,1930,1244,,294.69,,,,285470839
779,India,1931,1208,,291.43,,,,
780,India,1932,1194,,275.18,,,,
781,India,1933,1168,,278.26,,,,
782,India,1934,1153,,304.65,,,,
783,India,1935,1116,,267.36,,,,
784,India,1936,1134,,264.08,,,,
785,India,1937,1091,,264.11,,,,
786,India,1938,1069,,272.23,,,,
787,India,1939,1069,,253.83,,,,
788,India,1940,1081,,260.8,,,,324372335
789,India,1941,1079,,257.38,,,,
790,India,1942,1054,,265.89,,,,
791,India,1943,1075,,269.17,,,,
792,India,1944,1043,,275.47,,,,
793,India,1945,1007,,245.01,,,,
794,India,1946,937,,249.39,,,,
795,India,1947,924,,253.85,,,,
796,India,1948,917,,258.39,,,,
797,India,1949,922,,263.01,,,,
798,India,1950,908,,267.72,,,,376325205
799,India,1951,908,,271.59,,,,382231042
800,India,1952,912,,275.52,,,,388515758
801,India,1953,947,,279.5,,,,395137696
802,India,1954,962,,274.5,,,,402065915
803,India,1955,963,,269.5,,,,409280196
804,India,1956,993,,264.9,,,,416771502
805,India,1957,959,,260.4,,,,424541513
806,India,1958,1005,,256,,,,432601236
807,India,1959,1002,,251.8,,,,440968677
808,India,1960,1048,,247.7,,,,449661874
809,India,1961,1051,,243.7,,,,458691457
810,India,1962,1046,,240,,,,468054145
811,India,1963,1071,,236.3,,,,477729958
812,India,1964,1125,,232.9,,,,487690114
813,India,1965,1053,,229.6,,,,497920270
814,India,1966,1037,,226.3,,,,508402908
815,India,1967,1096,,223.1,,,,519162069
816,India,1968,1095,,219.8,,,,530274729
817,India,1969,1141,,216.6,,,,541844848
818,India,1970,1170,,213.3,,,,553943226
819,India,1971,1154,97.78355956,209.9,,,,566605402
820,India,1972,1125,100.3548952,206.1,,,,579800632
821,India,1973,1151,100.7299028,202.2,,,,593451889
822,India,1974,1139,104.1294937,197.9,,,,607446519
823,India,1975,1212,114.7192032,193.4,,,,621703641
824,India,1976,1201,124.2691529,188.6,,,,636182810
825,India,1977,1266,126.3484583,183.4,,,,650907559
826,India,1978,1305,135.951888,178.2,65.89,,,665936435
827,India,1979,1211,135.7329186,172.8,,,,681358553
828,India,1980,1270,140.0612612,167.6,,21.09132,20.48016,697229745
829,India,1981,1322,150.2548224,162.6,,21.04581,20.48859,713561406
830,India,1982,1334,156.6559283,157.9,,21.00317,20.49665,730303461
831,India,1983,1412,164.7356411,153.5,55.51,20.96066,20.51533,747374856
832,India,1984,1436,180.3022024,149.2,,20.92134,20.52994,764664278
833,India,1985,1462,190.7356246,145.2,,20.88185,20.54383,782085127
834,India,1986,1493,205.396688,141.2,,20.84291,20.55028,799607235
835,India,1987,1525,217.5704223,137.3,,20.80062,20.56082,817232241
836,India,1988,1649,237.4586745,133.4,53.59,20.76272,20.58607,834944397
837,India,1989,1723,254.5295277,129.5,,20.72949,20.61284,852736160
838,India,1990,1777,269.6461131,125.8,,20.7024,20.62835,870601776
839,India,1991,1760,288.4259846,122.2,,20.67306,20.64419,888513869
840,India,1992,1821,301.3600107,118.8,,20.64642,20.67087,906461358
841,India,1993,1871,317.8456252,115.4,,20.62593,20.68268,924475633
842,India,1994,1959,338.1034022,112.1,49.4,20.61725,20.70061,942604211
843,India,1995,2069,355.4942999,108.7,,20.62203,20.72626,960874982
844,India,1996,2186,356.7557565,105.3,,20.63797,20.76592,979290432
845,India,1997,2235,372.5107033,101.9,,20.6652,20.80153,997817250
846,India,1998,2332,383.5885101,98.3,,20.69815,20.84703,1016402907
847,India,1999,2496,388.0910154,94.8,,20.7406,20.90196,1034976626
848,India,2000,2548,390.9545725,91.2,,20.77932,20.9538,1053481072
849,India,2001,2628,391.7269015,87.7,,20.81119,20.99987,1071888190
850,India,2002,2684,404.712254,84.3,,20.83562,21.03814,1090189358
851,India,2003,2850,422.1042127,81,,20.8555,21.09123,1108369577
852,India,2004,3029,443.7217858,77.7,,20.87218,21.13004,1126419321
853,India,2005,3262,461.0805792,74.6,41.64,20.88994,21.171,1144326293
854,India,2006,3514,501.1443516,71.5,,20.91145,21.21871,1162088305
855,India,2007,3806,544.687764,68.5,,20.93488,21.26588,1179685631
856,India,2008,3901,568.0202563,65.6,,20.95956,21.31478,1197070109
857,India,2009,4177,604.903766,62.7,,,,1214182182
858,India,2010,4547,641.2717269,59.9,32.68,,,1230984504
859,India,2011,4787,684.1057013,57.2,,,,1247446011
860,India,2012,4967,,54.5,23.62946379,,,1263589639
861,India,2013,5244,,52.1,,,,1279498874
862,India,2014,5565,,49.8,,,,1295291543
863,India,2015,5903,,47.7,,,,1311050527
864,Japan,1800,1050,,363.32,,,,30294378
865,Japan,1801,1051,,363.32,,,,
866,Japan,1802,1053,,363.32,,,,
867,Japan,1803,1054,,363.32,,,,
868,Japan,1804,1056,,363.32,,,,
869,Japan,1805,1057,,363.32,,,,
870,Japan,1806,1059,,363.32,,,,
871,Japan,1807,1060,,363.32,,,,
872,Japan,1808,1061,,363.32,,,,
873,Japan,1809,1063,,363.32,,,,
874,Japan,1810,1064,,363.32,,,,30645903
875,Japan,1811,1066,,363.32,,,,
876,Japan,1812,1067,,363.32,,,,
877,Japan,1813,1069,,363.32,,,,
878,Japan,1814,1070,,363.32,,,,
879,Japan,1815,1072,,363.32,,,,
880,Japan,1816,1073,,363.32,,,,
881,Japan,1817,1075,,363.32,,,,
882,Japan,1818,1076,,363.32,,,,
883,Japan,1819,1078,,363.32,,,,
884,Japan,1820,1079,,363.32,,,,30993147
885,Japan,1821,1081,,363.32,,,,
886,Japan,1822,1082,,363.32,,,,
887,Japan,1823,1084,,363.32,,,,
888,Japan,1824,1085,,363.32,,,,
889,Japan,1825,1087,,363.32,,,,
890,Japan,1826,1088,,363.32,,,,
891,Japan,1827,1090,,363.32,,,,
892,Japan,1828,1091,,363.32,,,,
893,Japan,1829,1093,,363.32,,,,
894,Japan,1830,1094,,363.32,,,,31330455
895,Japan,1831,1096,,363.32,,,,
896,Japan,1832,1097,,363.32,,,,
897,Japan,1833,1099,,363.32,,,,
898,Japan,1834,1100,,363.32,,,,
899,Japan,1835,1102,,363.32,,,,
900,Japan,1836,1104,,363.32,,,,
901,Japan,1837,1105,,363.32,,,,
902,Japan,1838,1107,,363.32,,,,
903,Japan,1839,1108,,363.32,,,,
904,Japan,1840,1110,,363.32,,,,31663783
905,Japan,1841,1111,,363.32,,,,
906,Japan,1842,1113,,363.32,,,,
907,Japan,1843,1114,,363.32,,,,
908,Japan,1844,1116,,363.32,,,,
909,Japan,1845,1117,,363.32,,,,
910,Japan,1846,1119,,363.32,,,,
911,Japan,1847,1120,,363.32,,,,
912,Japan,1848,1122,,363.32,,,,
913,Japan,1849,1124,,363.32,,,,
914,Japan,1850,1125,,363.32,,,,32223184
915,Japan,1851,1129,,363.32,,,,
916,Japan,1852,1134,,363.32,,,,
917,Japan,1853,1138,,363.32,,,,
918,Japan,1854,1142,,363.32,,,,
919,Japan,1855,1146,,363.32,,,,
920,Japan,1856,1151,,363.32,,,,
921,Japan,1857,1155,,363.32,,,,
922,Japan,1858,1159,,363.32,,,,
923,Japan,1859,1164,,363.32,,,,
924,Japan,1860,1168,,363.32,,,,33176900
925,Japan,1861,1172,,363.32,,,,
926,Japan,1862,1177,,363.32,,,,
927,Japan,1863,1181,,363.32,,,,
928,Japan,1864,1186,,363.32,,,,
929,Japan,1865,1190,,363.32,,,,
930,Japan,1866,1195,,362.15,,,,
931,Japan,1867,1199,,362.15,,,,
932,Japan,1868,1204,,362.15,,,,
933,Japan,1869,1208,,360.97,,,,
934,Japan,1870,1213,,360.97,,,,34638021
935,Japan,1871,1218,,360.97,,,,
936,Japan,1872,1223,,359.8,,,,
937,Japan,1873,1229,,359.8,,,,
938,Japan,1874,1235,,358.63,,,,
939,Japan,1875,1320,,358.63,,,,
940,Japan,1876,1277,,358.63,,,,
941,Japan,1877,1304,,357.45,,,,
942,Japan,1878,1287,,357.45,,,,
943,Japan,1879,1352,,356.28,,,,
944,Japan,1880,1395,,356.28,,,,36826469
945,Japan,1881,1338,,355.13,,,,
946,Japan,1882,1359,,353.98,,,,
947,Japan,1883,1346,,353.98,,,,
948,Japan,1884,1341,,352.82,,,,
949,Japan,1885,1378,,352.82,,,,
950,Japan,1886,1465,,351.67,,,,
951,Japan,1887,1519,,350.52,,,,
952,Japan,1888,1433,,350.52,,,,
953,Japan,1889,1483,,349.37,,,,
954,Japan,1890,1606,,348.22,,,,39878734
955,Japan,1891,1516,,347.07,,,,
956,Japan,1892,1602,,347.07,,,,
957,Japan,1893,1592,,345.92,,,,
958,Japan,1894,1765,,344.76,,,,
959,Japan,1895,1768,,343.6,,,,
960,Japan,1896,1651,,342.42,,,,
961,Japan,1897,1665,,341.2,,,,
962,Japan,1898,1955,,339.94,,,,
963,Japan,1899,1786,,338.62,,,,
964,Japan,1900,1840,,337.26,,,,44040263
965,Japan,1901,1879,,335.84,,,,
966,Japan,1902,1755,,334.37,,,,
967,Japan,1903,1850,,331.73,,,,
968,Japan,1904,1840,,330.19,,,,
969,Japan,1905,1788,,328.6,,,,
970,Japan,1906,2002,,325.86,,,,
971,Japan,1907,2042,,324.17,,,,
972,Japan,1908,2028,,321.35,,,,
973,Japan,1909,1997,,319.58,,,,
974,Japan,1910,1998,,316.75,,,,49314848
975,Japan,1911,2069,,311.8,,,,
976,Japan,1912,2104,,306.93,,,,
977,Japan,1913,2100,,302.14,,,,
978,Japan,1914,2001,,297.42,,,,
979,Japan,1915,2148,,292.77,,,,
980,Japan,1916,2438,,288.2,,,,
981,Japan,1917,2481,,283.69,,,,
982,Japan,1918,2476,,279.26,,,,
983,Japan,1919,2701,,274.9,,,,
984,Japan,1920,2496,,270.6,,,,55545937
985,Japan,1921,2723,,286.66,,,,
986,Japan,1922,2668,,270.71,,,,
987,Japan,1923,2623,,265.89,,,,
988,Japan,1924,2648,,253.95,,,,
989,Japan,1925,2705,,228.45,,,,
990,Japan,1926,2673,,219.15,,,,
991,Japan,1927,2657,,228.54,,,,
992,Japan,1928,2817,,221.11,,,,
993,Japan,1929,2851,,228.62,,,,
994,Japan,1930,2592,,196.74,,,,63863524
995,Japan,1931,2561,,209.96,,,,
996,Japan,1932,2722,,183.59,,,,
997,Japan,1933,2932,,191.18,,,,
998,Japan,1934,2885,,196.88,,,,
999,Japan,1935,2903,,163.01,,,,
1000,Japan,1936,3065,,181.84,,,,
1001,Japan,1937,3154,,161.21,,,,
1002,Japan,1938,3329,,178.14,,,,
1003,Japan,1939,3818,,163.13,,,,
1004,Japan,1940,3888,,131.95,,,,72709185
1005,Japan,1941,3877,,121.36,,,,
1006,Japan,1942,3796,,124.89,,,,
1007,Japan,1943,3792,,126.69,,,,
1008,Japan,1944,3567,,131.86,,,,
1009,Japan,1945,1802,,137.23,,,,
1010,Japan,1946,1930,,142.83,,,,
1011,Japan,1947,2055,,148.66,,,,
1012,Japan,1948,2297,,99.93,,,,
1013,Japan,1949,2392,,101.2,,,,
1014,Japan,1950,2549,,91.4,,,,82199470
1015,Japan,1951,2728,,82.6,,,,83794452
1016,Japan,1952,3015,,74.9,,,,85174909
1017,Japan,1953,3168,,68.3,,,,86378004
1018,Japan,1954,3280,,62.7,,,,87438747
1019,Japan,1955,3464,,58.1,,,,88389994
1020,Japan,1956,3646,,54,,,,89262489
1021,Japan,1957,3843,,50.3,,,,90084818
1022,Japan,1958,3996,,46.8,,,,90883290
1023,Japan,1959,4288,,43.3,,,,91681713
1024,Japan,1960,4756,1110.263405,39.7,,,,92500754
1025,Japan,1961,5276,1246.010764,36.2,,,,93357259
1026,Japan,1962,5686,1317.93138,32.9,,,,94263646
1027,Japan,1963,6106,1506.011651,29.8,,,,95227653
1028,Japan,1964,6741,1676.445935,27,,,,96253064
1029,Japan,1965,7048,1775.836089,24.6,,,,97341852
1030,Japan,1966,7724,1984.16675,22.6,,,,98494630
1031,Japan,1967,8454,2253.660958,21,,,,99711082
1032,Japan,1968,9439,2513.333531,19.6,,,,100988866
1033,Japan,1969,10548,2863.179933,18.5,,,,102323674
1034,Japan,1970,14203,3222.003929,17.5,,,,103707537
1035,Japan,1971,14673,3415.688241,16.5,,,,105142875
1036,Japan,1972,15694,3737.265366,15.7,,,,106616535
1037,Japan,1973,16731,4090.998251,14.9,,,,108085729
1038,Japan,1974,16320,3967.084839,14.1,,,,109495053
1039,Japan,1975,16632,4028.667143,13.3,,,,110804519
1040,Japan,1976,17117,4310.620638,12.5,,,,111992858
1041,Japan,1977,17705,4444.771348,11.8,,,,113067848
1042,Japan,1978,18484,4670.1074,11.1,,,,114054587
1043,Japan,1979,19346,4862.75999,10.5,,,,114993274
1044,Japan,1980,19741,4717.687657,9.9,,22.1008,21.30785,115912104
1045,Japan,1981,20413,4754.377465,9.3,,22.11807,21.32747,116821569
1046,Japan,1982,20951,4696.620486,8.8,,22.1382,21.35073,117708919
1047,Japan,1983,21446,4960.933766,8.3,,22.15686,21.37698,118552097
1048,Japan,1984,22268,5184.888933,7.9,,22.17225,21.40332,119318921
1049,Japan,1985,23554,5327.798665,7.5,,22.18911,21.43187,119988663
1050,Japan,1986,24116,5327.79113,7.1,,22.20966,21.45969,120551455
1051,Japan,1987,25018,5639.948891,6.8,,22.23754,21.49644,121021830
1052,Japan,1988,26724,5904.789867,6.6,,22.27578,21.54149,121432942
1053,Japan,1989,28077,6236.922902,6.4,,22.31904,21.59401,121831143
1054,Japan,1990,29550,6486.153946,6.3,,22.36753,21.64526,122249285
1055,Japan,1991,30437,6689.649051,6.2,,22.42054,21.6902,122702527
1056,Japan,1992,30610,6716.813304,6.1,,22.48151,21.73106,123180357
1057,Japan,1993,30587,6789.281814,6,,22.54894,21.76744,123658854
1058,Japan,1994,30746,7202.583206,5.9,,22.62295,21.80507,124101546
1059,Japan,1995,31224,7364.894491,5.7,,22.70061,21.83871,124483305
1060,Japan,1996,31958,7519.413809,5.5,,22.7845,21.8704,124794817
1061,Japan,1997,32391,7672.87118,5.2,,22.86718,21.89343,125048424
1062,Japan,1998,31656,7691.511747,5,,22.93991,21.90258,125266403
1063,Japan,1999,31535,7815.609949,4.7,,23.00911,21.90718,125481050
1064,Japan,2000,32193,7973.508316,4.5,,23.07719,21.91883,125714674
1065,Japan,2001,32230,7822.814179,4.3,,23.13928,21.92787,125974298
1066,Japan,2002,32248,7915.665581,4.1,,23.19359,21.92321,126249509
1067,Japan,2003,32721,7815.311859,4,,23.24493,21.91846,126523884
1068,Japan,2004,33483,8050.72753,3.9,,23.29598,21.90982,126773081
1069,Japan,2005,33916,8212.689692,3.7,,23.34532,21.89999,126978754
1070,Japan,2006,34468,8252.950938,3.6,,23.39421,21.88838,127136576
1071,Japan,2007,35183,8489.650409,3.5,,23.44693,21.88134,127250015
1072,Japan,2008,34800,8075.210463,3.4,0.35,23.50004,21.87088,127317900
1073,Japan,2009,32880,7838.005685,3.3,,,,127340884
1074,Japan,2010,34404,8377.647349,3.2,,,,127319802
1075,Japan,2011,34316,7847.804487,3.4,,,,127252900
1076,Japan,2012,34988,,3,,,,127139821
1077,Japan,2013,35614,,2.9,,,,126984964
1078,Japan,2014,35635,,2.8,,,,126794564
1079,Japan,2015,36162,,2.7,,,,126573481
1080,United Kingdom,1800,3431,,329.04,,,,12327466
1081,United Kingdom,1801,3439,,326.83,,,,
1082,United Kingdom,1802,3450,,324.61,,,,
1083,United Kingdom,1803,3339,,322.4,,,,
1084,United Kingdom,1804,3291,,321.31,,,,
1085,United Kingdom,1805,3439,,320.22,,,,
1086,United Kingdom,1806,3377,,318.04,,,,
1087,United Kingdom,1807,3549,,316.96,,,,
1088,United Kingdom,1808,3340,,315.87,,,,
1089,United Kingdom,1809,3401,,314.78,,,,
1090,United Kingdom,1810,3575,,313.69,,,,14106058
1091,United Kingdom,1811,3492,,311.52,,,,
1092,United Kingdom,1812,3298,,310.45,,,,
1093,United Kingdom,1813,3423,,308.32,,,,
1094,United Kingdom,1814,3296,,309.38,,,,
1095,United Kingdom,1815,3589,,310.45,,,,
1096,United Kingdom,1816,3345,,311.52,,,,
1097,United Kingdom,1817,3348,,312.61,,,,
1098,United Kingdom,1818,3295,,313.69,,,,
1099,United Kingdom,1819,3195,,313.69,,,,
1100,United Kingdom,1820,3403,,314.78,,,,16221883
1101,United Kingdom,1821,3406,,315.87,,,,
1102,United Kingdom,1822,3415,,316.96,,,,
1103,United Kingdom,1823,3460,,316.96,,,,
1104,United Kingdom,1824,3597,,314.78,,,,
1105,United Kingdom,1825,3628,,312.61,,,,
1106,United Kingdom,1826,3390,,311.52,,,,
1107,United Kingdom,1827,3605,,309.38,,,,
1108,United Kingdom,1828,3566,,307.25,,,,
1109,United Kingdom,1829,3549,,308.32,,,,
1110,United Kingdom,1830,3661,,309.38,,,,18533999
1111,United Kingdom,1831,3656,,310.45,,,,
1112,United Kingdom,1832,3726,,303.93,,,,
1113,United Kingdom,1833,3713,,297.55,,,,
1114,United Kingdom,1834,3755,,291.31,,,,
1115,United Kingdom,1835,3984,,285.19,,,,
1116,United Kingdom,1836,4063,,279.2,,,,
1117,United Kingdom,1837,3981,,273.34,,,,
1118,United Kingdom,1838,4090,,267.6,,,,
1119,United Kingdom,1839,4007,,261.98,,,,
1120,United Kingdom,1840,4149,,256.48,,,,20737251
1121,United Kingdom,1841,4022,,251.1,,,,
1122,United Kingdom,1842,3934,,261.57,,,,
1123,United Kingdom,1843,4080,,258.26,,,,
1124,United Kingdom,1844,4386,,258.97,,,,
1125,United Kingdom,1845,4533,,248.33,,,,
1126,United Kingdom,1846,4480,,281.44,,,,
1127,United Kingdom,1847,4377,,281.62,,,,
1128,United Kingdom,1848,4508,,278.55,,,,
1129,United Kingdom,1849,4572,,279.91,,,,
1130,United Kingdom,1850,4480,,247.4,,,,22623571
1131,United Kingdom,1851,4631,,262.32,,,,
1132,United Kingdom,1852,4784,,267.19,,,,
1133,United Kingdom,1853,4898,,264.39,,,,
1134,United Kingdom,1854,5080,,281.86,,,,
1135,United Kingdom,1855,4914,,261.02,,,,
1136,United Kingdom,1856,5188,,247.31,,,,
1137,United Kingdom,1857,5196,,262.53,,,,
1138,United Kingdom,1858,5051,,280.66,,,,
1139,United Kingdom,1859,5210,,273.92,,,,
1140,United Kingdom,1860,5268,,244.34,,,,24783522
1141,United Kingdom,1861,5204,,258.5,,,,
1142,United Kingdom,1862,4937,,253.68,,,,
1143,United Kingdom,1863,5351,,279.46,,,,
1144,United Kingdom,1864,5446,,271.8,,,,
1145,United Kingdom,1865,5527,,266.94,,,,
1146,United Kingdom,1866,5650,,268.94,,,,
1147,United Kingdom,1867,5623,,248.35,,,,
1148,United Kingdom,1868,5844,,262.91,,,,
1149,United Kingdom,1869,5843,,262.86,,,,
1150,United Kingdom,1870,6046,,268.38,,,,27651628
1151,United Kingdom,1871,6310,,258.1,,,,
1152,United Kingdom,1872,6274,,243.59,,,,
1153,United Kingdom,1873,6274,,235.38,,,,
1154,United Kingdom,1874,6457,,252.81,,,,
1155,United Kingdom,1875,6464,,252.19,,,,
1156,United Kingdom,1876,6441,,238.62,,,,
1157,United Kingdom,1877,6410,,225.11,,,,
1158,United Kingdom,1878,6364,,251.58,,,,
1159,United Kingdom,1879,6176,,228.19,,,,
1160,United Kingdom,1880,6553,,251.14,,,,30849957
1161,United Kingdom,1881,6637,,209.77,,,,
1162,United Kingdom,1882,6696,,232.6,,,,
1163,United Kingdom,1883,6848,,221.54,,,,
1164,United Kingdom,1884,6736,,233.23,,,,
1165,United Kingdom,1885,6633,,218.87,,,,
1166,United Kingdom,1886,6621,,230.59,,,,
1167,United Kingdom,1887,6835,,227.13,,,,
1168,United Kingdom,1888,6995,,212.93,,,,
1169,United Kingdom,1889,7164,,227.85,,,,
1170,United Kingdom,1890,7169,,231.98,,,,34215580
1171,United Kingdom,1891,7276,,232.86,,,,
1172,United Kingdom,1892,7072,,227.6,,,,
1173,United Kingdom,1893,6963,,236.18,,,,
1174,United Kingdom,1894,7216,,207.3,,,,
1175,United Kingdom,1895,7387,,236.93,,,,
1176,United Kingdom,1896,7629,,225.2,,,,
1177,United Kingdom,1897,7642,,226.29,,,,
1178,United Kingdom,1898,7909,,231.16,,,,
1179,United Kingdom,1899,8113,,232.28,,,,
1180,United Kingdom,1900,8013,,225.46,,,,37995759
1181,United Kingdom,1901,8107,,215.63,,,,
1182,United Kingdom,1902,8160,,199.43,,,,
1183,United Kingdom,1903,8018,,191.24,,,,
1184,United Kingdom,1904,8042,,208.62,,,,
1185,United Kingdom,1905,8208,,185.88,,,,
1186,United Kingdom,1906,8341,,190.09,,,,
1187,United Kingdom,1907,8428,,176.03,,,,
1188,United Kingdom,1908,8045,,175.66,,,,
1189,United Kingdom,1909,8163,,162.94,,,,
1190,United Kingdom,1910,8305,,155.93,,,,41804912
1191,United Kingdom,1911,8491,,189.21,,,,
1192,United Kingdom,1912,8564,,145.79,,,,
1193,United Kingdom,1913,8853,,157.87,,,,
1194,United Kingdom,1914,8930,,155.38,,,,
1195,United Kingdom,1915,9330,,165.64,,,,
1196,United Kingdom,1916,9377,,133.6,,,,
1197,United Kingdom,1917,9276,,136.51,,,,
1198,United Kingdom,1918,9439,,170.93,,,,
1199,United Kingdom,1919,8683,,134.61,,,,
1200,United Kingdom,1920,8316,,133.45,,,,43825720
1201,United Kingdom,1921,7420,,113.95,,,,
1202,United Kingdom,1922,7732,,119.9,,,,
1203,United Kingdom,1923,7892,,102.15,,,,
1204,United Kingdom,1924,8176,,114.06,,,,
1205,United Kingdom,1925,8407,,112.34,,,,
1206,United Kingdom,1926,8085,,103.04,,,,
1207,United Kingdom,1927,8647,,103.4,,,,
1208,United Kingdom,1928,8659,,97.87,,,,
1209,United Kingdom,1929,8858,,113.58,,,,
1210,United Kingdom,1930,8722,,89.22,,,,45957969
1211,United Kingdom,1931,8253,,95.15,,,,
1212,United Kingdom,1932,8187,,92.54,,,,
1213,United Kingdom,1933,8388,,87.49,,,,
1214,United Kingdom,1934,8834,,86.23,,,,
1215,United Kingdom,1935,9095,,80.31,,,,
1216,United Kingdom,1936,9459,,83.07,,,,
1217,United Kingdom,1937,9719,,80.23,,,,
1218,United Kingdom,1938,9726,,73.26,,,,
1219,United Kingdom,1939,10022,,65.68,,,,
1220,United Kingdom,1940,10935,,76.98,,,,48235963
1221,United Kingdom,1941,11860,,81.02,,,,
1222,United Kingdom,1942,11997,,67.78,,,,
1223,United Kingdom,1943,12078,,64.41,,,,
1224,United Kingdom,1944,11467,,59.26,,,,
1225,United Kingdom,1945,10881,,54.88,,,,
1226,United Kingdom,1946,10644,,53.37,,,,
1227,United Kingdom,1947,10411,,53.31,,,,
1228,United Kingdom,1948,10599,,39.99,,,,
1229,United Kingdom,1949,10866,,38.1,,,,
1230,United Kingdom,1950,11135,,36.6,,,,50616012
1231,United Kingdom,1951,11416,,35.1,,,,50620538
1232,United Kingdom,1952,11367,,33.6,,,,50683596
1233,United Kingdom,1953,11751,,32.1,,,,50792671
1234,United Kingdom,1954,12173,,30.8,,,,50938227
1235,United Kingdom,1955,12531,,29.6,,,,51113711
1236,United Kingdom,1956,12572,,28.7,,,,51315724
1237,United Kingdom,1957,12702,,28,,,,51543847
1238,United Kingdom,1958,12672,,27.4,,,,51800117
1239,United Kingdom,1959,13122,,27,,,,52088147
1240,United Kingdom,1960,13697,2412.137405,26.6,,,,52410496
1241,United Kingdom,1961,13887,2553.693182,26.1,,,,52765864
1242,United Kingdom,1962,13897,2780.657277,25.6,,,,53146634
1243,United Kingdom,1963,14393,3002.087605,24.9,,,,53537821
1244,United Kingdom,1964,15067,3127.462963,24.2,,,,53920055
1245,United Kingdom,1965,15292,3330.18388,23.4,,,,54278349
1246,United Kingdom,1966,15494,3425.803087,22.8,,,,54606608
1247,United Kingdom,1967,15777,3506.887062,22.2,,,,54904680
1248,United Kingdom,1968,16357,3762.590176,21.8,,,,55171084
1249,United Kingdom,1969,16616,4006.330969,21.4,,,,55406435
1250,United Kingdom,1970,16933,4166.932402,21,,,,55611401
1251,United Kingdom,1971,17207,4254.652412,20.6,,,,55785325
1252,United Kingdom,1972,17793,4372.636946,20.1,,,,55927492
1253,United Kingdom,1973,19043,4671.718297,19.4,,,,56039166
1254,United Kingdom,1974,18801,4534.254275,18.7,,,,56122405
1255,United Kingdom,1975,18699,4492.421629,18,,,,56179925
1256,United Kingdom,1976,19207,4587.688515,17.2,,,,56212943
1257,United Kingdom,1977,19684,4668.423169,16.5,,,,56224944
1258,United Kingdom,1978,20337,4729.849387,15.7,,,,56223974
1259,United Kingdom,1979,20871,4922.915733,14.9,,,,56220089
1260,United Kingdom,1980,20417,4683.932739,14.1,,24.72216,24.20878,56221513
1261,United Kingdom,1981,20149,4572.953846,13.4,,24.78911,24.29483,56231020
1262,United Kingdom,1982,20607,4480.335413,12.7,,24.86057,24.38471,56250124
1263,United Kingdom,1983,21357,4549.175288,12.2,,24.93208,24.47631,56283959
1264,United Kingdom,1984,21904,4597.739693,11.7,,25.00774,24.57154,56337848
1265,United Kingdom,1985,22648,4826.714526,11.4,,25.08727,24.673,56415196
1266,United Kingdom,1986,23516,4953.653576,11.1,,25.17483,24.77877,56519444
1267,United Kingdom,1987,24551,5082.439806,10.8,,25.26661,24.89084,56649375
1268,United Kingdom,1988,25750,5232.737649,10.4,,25.36885,25.00301,56797704
1269,United Kingdom,1989,26279,5295.224527,9.9,,25.47263,25.11882,56953861
1270,United Kingdom,1990,26424,5356.57521,9.3,,25.58043,25.23089,57110117
1271,United Kingdom,1991,26017,5451.677171,8.7,0.68,25.68395,25.33861,57264600
1272,United Kingdom,1992,26062,5452.393333,8.2,,25.79325,25.45103,57419469
1273,United Kingdom,1993,26688,5491.989118,7.8,,25.90392,25.55032,57575969
1274,United Kingdom,1994,27691,5380.264265,7.4,0.67,26.01879,25.64891,57736667
1275,United Kingdom,1995,28317,5575.808489,7.2,1.35,26.12699,25.74528,57903790
1276,United Kingdom,1996,28998,5815.828404,7,,26.23783,25.84873,58079322
1277,United Kingdom,1997,29662,5831.957547,6.9,,26.34611,25.94952,58263858
1278,United Kingdom,1998,30614,5908.87149,6.8,,26.44777,26.04969,58456989
1279,United Kingdom,1999,31474,6007.484416,6.7,0.67,26.55022,26.14993,58657794
1280,United Kingdom,2000,32543,6114.529259,6.6,,26.64648,26.24386,58867004
1281,United Kingdom,2001,33282,6143.199664,6.4,,26.74677,26.34053,59080221
1282,United Kingdom,2002,33954,6147.391939,6.3,,26.83783,26.431,59301235
1283,United Kingdom,2003,35250,6182.9802,6.3,,26.92578,26.51409,59548421
1284,United Kingdom,2004,35910,6151.062742,6.1,0.67,27.0162,26.59989,59846226
1285,United Kingdom,2005,36665,6289.404044,6,,27.10412,26.68071,60210012
1286,United Kingdom,2006,37504,6226.257365,5.9,,27.20432,26.77054,60648850
1287,United Kingdom,2007,38164,6136.015114,5.8,1.01,27.29918,26.85908,61151820
1288,United Kingdom,2008,37739,6056.290533,5.6,,27.39249,26.94449,61689620
1289,United Kingdom,2009,35840,5685.635995,5.4,,,,62221164
1290,United Kingdom,2010,36240,5745.435003,5.2,1.01,,,62716684
1291,United Kingdom,2011,36549,5516.308585,5,,,,63164949
1292,United Kingdom,2012,36535,,4.8,,,,63573766
1293,United Kingdom,2013,36908,,4.6,,,,63955654
1294,United Kingdom,2014,37614,,4.4,,,,64331348
1295,United Kingdom,2015,38225,,4.2,,,,64715810
1296,United States,1800,2128,,462.89,,,,6801854
1297,United States,1801,2168,,462.7,,,,
1298,United States,1802,2203,,462.5,,,,
1299,United States,1803,2167,,462.31,,,,
1300,United States,1804,2166,,462.12,,,,
1301,United States,1805,2211,,461.93,,,,
1302,United States,1806,2252,,461.73,,,,
1303,United States,1807,2274,,461.54,,,,
1304,United States,1808,2115,,461.35,,,,
1305,United States,1809,2218,,461.15,,,,
1306,United States,1810,2283,,460.96,,,,8294928
1307,United States,1811,2328,,460.42,,,,
1308,United States,1812,2289,,459.88,,,,
1309,United States,1813,2314,,459.34,,,,
1310,United States,1814,2358,,458.8,,,,
1311,United States,1815,2349,,458.27,,,,
1312,United States,1816,2254,,457.73,,,,
1313,United States,1817,2252,,457.19,,,,
1314,United States,1818,2259,,456.65,,,,
1315,United States,1819,2255,,456.11,,,,
1316,United States,1820,2242,,455.57,,,,10361646
1317,United States,1821,2277,,454.61,,,,
1318,United States,1822,2340,,453.64,,,,
1319,United States,1823,2315,,452.68,,,,
1320,United States,1824,2378,,451.72,,,,
1321,United States,1825,2432,,450.76,,,,
1322,United States,1826,2448,,449.79,,,,
1323,United States,1827,2459,,448.83,,,,
1324,United States,1828,2459,,447.87,,,,
1325,United States,1829,2379,,446.9,,,,
1326,United States,1830,2552,,445.94,,,,13480460
1327,United States,1831,2709,,443.96,,,,
1328,United States,1832,2807,,441.99,,,,
1329,United States,1833,2906,,440.01,,,,
1330,United States,1834,2768,,438.03,,,,
1331,United States,1835,2874,,436.06,,,,
1332,United States,1836,2916,,434.08,,,,
1333,United States,1837,2826,,432.1,,,,
1334,United States,1838,2800,,430.12,,,,
1335,United States,1839,2937,,428.15,,,,
1336,United States,1840,2792,,426.17,,,,17942443
1337,United States,1841,2735,,422.81,,,,
1338,United States,1842,2712,,419.45,,,,
1339,United States,1843,2754,,416.08,,,,
1340,United States,1844,2905,,412.72,,,,
1341,United States,1845,2951,,409.36,,,,
1342,United States,1846,2968,,406,,,,
1343,United States,1847,3046,,402.64,,,,
1344,United States,1848,3126,,399.27,,,,
1345,United States,1849,3046,,395.91,,,,
1346,United States,1850,3059,,392.55,,,,24136293
1347,United States,1851,3184,,386.42,,,,
1348,United States,1852,3347,,380.3,,,,
1349,United States,1853,3576,,374.17,,,,
1350,United States,1854,3586,,368.04,,,,
1351,United States,1855,3507,,361.92,,,,
1352,United States,1856,3582,,355.79,,,,
1353,United States,1857,3503,,349.66,,,,
1354,United States,1858,3522,,343.53,,,,
1355,United States,1859,3617,,337.41,,,,
1356,United States,1860,3714,,331.28,,,,31936643
1357,United States,1861,3638,,329.43,,,,
1358,United States,1862,3751,,327.58,,,,
1359,United States,1863,3995,,325.74,,,,
1360,United States,1864,4127,,323.89,,,,
1361,United States,1865,3914,,322.04,,,,
1362,United States,1866,3884,,320.19,,,,
1363,United States,1867,4013,,318.34,,,,
1364,United States,1868,4066,,316.5,,,,
1365,United States,1869,4175,,314.65,,,,
1366,United States,1870,4058,,312.8,,,,40821569
1367,United States,1871,4154,,317.14,,,,
1368,United States,1872,4218,,321.47,,,,
1369,United States,1873,4323,,325.81,,,,
1370,United States,1874,4196,,330.14,,,,
1371,United States,1875,4316,,334.48,,,,
1372,United States,1876,4269,,338.82,,,,
1373,United States,1877,4311,,343.15,,,,
1374,United States,1878,4396,,347.49,,,,
1375,United States,1879,4834,,351.82,,,,
1376,United States,1880,5292,,356.16,,,,51256498
1377,United States,1881,5344,,346.54,,,,
1378,United States,1882,5549,,336.92,,,,
1379,United States,1883,5552,,327.29,,,,
1380,United States,1884,5521,,317.67,,,,
1381,United States,1885,5439,,308.05,,,,
1382,United States,1886,5479,,298.43,,,,
1383,United States,1887,5603,,288.81,,,,
1384,United States,1888,5461,,279.18,,,,
1385,United States,1889,5680,,274,,,,
1386,United States,1890,5646,,267.97,,,,63810074
1387,United States,1891,5772,,264,,,,
1388,United States,1892,6207,,260.02,,,,
1389,United States,1893,5792,,257.1,,,,
1390,United States,1894,5519,,253.19,,,,
1391,United States,1895,6070,,249.28,,,,
1392,United States,1896,5837,,246.37,,,,
1393,United States,1897,6280,,242.47,,,,
1394,United States,1898,6299,,238.58,,,,
1395,United States,1899,6752,,234.69,,,,
1396,United States,1900,6819,,231.7,,,,77415610
1397,United States,1901,7442,,227.8,,,,
1398,United States,1902,7372,,216.59,,,,
1399,United States,1903,7589,,215.43,,,,
1400,United States,1904,7355,,224.23,,,,
1401,United States,1905,7744,,217.53,,,,
1402,United States,1906,8474,,218.96,,,,
1403,United States,1907,8452,,217.67,,,,
1404,United States,1908,7612,,202.16,,,,
1405,United States,1909,8374,,193.91,,,,
1406,United States,1910,8287,,201.91,,,,93559186
1407,United States,1911,8416,,187.46,,,,
1408,United States,1912,8666,,180.92,,,,
1409,United States,1913,8824,,185.26,,,,
1410,United States,1914,7981,,175.52,,,,
1411,United States,1915,8081,,170.81,,,,
1412,United States,1916,9061,,177.48,,,,
1413,United States,1917,8703,,178.45,,,,
1414,United States,1918,9375,,236.64,,,,
1415,United States,1919,9401,,166.74,,,,
1416,United States,1920,9181,,165.35,,,,108441644
1417,United States,1921,8789,,143.36,,,,
1418,United States,1922,9135,,143.56,,,,
1419,United States,1923,10150,,147.5,,,,
1420,United States,1924,10249,,137.09,,,,
1421,United States,1925,10316,,127.42,,,,
1422,United States,1926,10828,,118.43,,,,
1423,United States,1927,10771,,110.08,,,,
1424,United States,1928,10746,,102.31,,,,
1425,United States,1929,11272,,95.09,,,,
1426,United States,1930,10139,,88.39,,,,125055606
1427,United States,1931,9277,,82.15,,,,
1428,United States,1932,7991,,76.35,,,,
1429,United States,1933,7769,,70.97,,,,
1430,United States,1934,8308,,77.27,,,,
1431,United States,1935,8872,,72.93,,,,
1432,United States,1936,10058,,73.44,,,,
1433,United States,1937,10413,,71.08,,,,
1434,United States,1938,9911,,67.09,,,,
1435,United States,1939,10605,,60.6,,,,
1436,United States,1940,11320,,59.54,,,,134354133
1437,United States,1941,13239,,58,,,,
1438,United States,1942,15702,,52.54,,,,
1439,United States,1943,18551,,51.48,,,,
1440,United States,1944,19847,,48.18,,,,
1441,United States,1945,18828,,46.12,,,,
1442,United States,1946,14777,,44.55,,,,
1443,United States,1947,14267,,40.82,,,,
1444,United States,1948,14544,,38.79,,,,
1445,United States,1949,14340,,38.7,,,,
1446,United States,1950,15319,,37.7,,,,157813040
1447,United States,1951,16198,,36.6,,,,159880756
1448,United States,1952,16508,,35.6,,,,162280405
1449,United States,1953,16974,,34.7,,,,164941716
1450,United States,1954,16558,,33.8,,,,167800046
1451,United States,1955,17409,,33,,,,170796378
1452,United States,1956,17428,,32.3,,,,173877321
1453,United States,1957,17430,,31.7,,,,176995108
1454,United States,1958,16961,,31.2,,,,180107612
1455,United States,1959,17909,,30.6,,,,183178348
1456,United States,1960,18059,4049.786629,30.1,,,,186176524
1457,United States,1961,18170,4182.175501,29.5,,,,189077076
1458,United States,1962,18966,4433.606021,28.9,,,,191860710
1459,United States,1963,19497,4690.486256,28.3,,,,194513911
1460,United States,1964,20338,4970.446456,27.7,,,,197028908
1461,United States,1965,21361,5234.685002,27.1,,,,199403532
1462,United States,1966,22495,5590.33374,26.4,,,,201629471
1463,United States,1967,22803,5888.340915,25.7,,,,203713082
1464,United States,1968,23647,6385.459329,24.9,,,,205687611
1465,United States,1969,24147,6904.8338,24.1,,,,207599308
1466,United States,1970,23908,7236.657043,23.3,,,,209485807
1467,United States,1971,24350,7517.304646,22.4,,,,211357912
1468,United States,1972,25374,8076.409269,21.5,,,,213219515
1469,United States,1973,26567,8573.194154,20.6,,,,215092900
1470,United States,1974,26258,8449.928456,19.7,,,,217001865
1471,United States,1975,25934,8522.394003,18.8,,,,218963561
1472,United States,1976,27041,8968.775655,17.9,,,,220993166
1473,United States,1977,27990,9337.724018,17.1,,,,223090871
1474,United States,1978,29281,9560.54541,16.3,,,,225239456
1475,United States,1979,29951,9700.695386,15.6,,,,227411604
1476,United States,1980,29619,9862.365497,15,,25.46406,25.02199,229588208
1477,United States,1981,30070,9976.693715,14.4,,25.57524,25.15155,231765783
1478,United States,1982,29230,9544.460943,13.9,,25.67883,25.26646,233953874
1479,United States,1983,30185,9742.005714,13.4,,25.78812,25.3848,236161961
1480,United States,1984,32110,10282.37464,13,,25.9069,25.52017,238404223
1481,United States,1985,33065,10414.2079,12.7,,26.02568,25.65827,240691557
1482,United States,1986,33899,10424.4273,12.4,0.68,26.1374,25.7815,243032017
1483,United States,1987,34787,10886.85826,12.2,,26.25939,25.92305,245425409
1484,United States,1988,35929,11298.33251,11.9,,26.37687,26.05411,247865202
1485,United States,1989,36830,11531.93231,11.6,,26.49269,26.18694,250340795
1486,United States,1990,37062,11713.3317,11.2,,26.60827,26.31709,252847810
1487,United States,1991,36543,12134.17213,10.9,0.67,26.71961,26.44245,255367160
1488,United States,1992,37321,12014.95825,10.5,,26.83609,26.56317,257908206
1489,United States,1993,37844,12261.52378,10.1,,26.95163,26.68394,260527420
1490,United States,1994,38892,12455.16217,9.8,0.67,27.06838,26.8081,263301323
1491,United States,1995,39476,12659.60763,9.5,,27.1781,26.9224,266275528
1492,United States,1996,40501,12854.29891,9.2,,27.28376,27.0375,269483224
1493,United States,1997,41812,12889.83228,8.9,1,27.39366,27.1572,272882865
1494,United States,1998,43166,13154.76303,8.7,,27.49846,27.27785,276354096
1495,United States,1999,44673,13281.86998,8.6,,27.60386,27.40374,279730801
1496,United States,2000,45986,13671.05202,8.4,0.67,27.71039,27.52943,282895741
1497,United States,2001,45978,13046.61415,8.3,,27.80569,27.64247,285796198
1498,United States,2002,46367,13296.1823,8.2,,27.90479,27.75614,288470847
1499,United States,2003,47260,13307.49201,8.1,,28.00041,27.86337,291005482
1500,United States,2004,48597,13388.58971,8.1,1,28.10039,27.97255,293530886
1501,United States,2005,49762,13704.57705,8,,28.19703,28.07372,296139635
1502,United States,2006,50599,13583.26696,7.9,,28.28959,28.16881,298860519
1503,United States,2007,51011,13657.44951,7.8,1.33,28.37574,28.25992,301655953
1504,United States,2008,50384,13663.42468,7.7,,28.45698,28.34359,304473143
1505,United States,2009,48558,12913.71143,7.5,,,,307231961
1506,United States,2010,49373,13394.91665,7.4,1.67,,,309876170
1507,United States,2011,49781,13246.04425,7.2,,,,312390368
1508,United States,2012,50549,,7.1,,,,314799465
1509,United States,2013,51282,,6.9,,,,317135919
1510,United States,2014,52118,,6.7,,,,319448634
1511,United States,2015,53354,,6.5,,,,321773631
